url	file	bytes
https://images.squarespace-cdn.com/content/v1/68d65117197afe1094ff447c/0747c8bf-4679-4f59-abf0-61f936de8668/7999999999.png	7999999999.png	2636
https://images.squarespace-cdn.com/content/v1/68d65117197afe1094ff447c/0bc873bf-2548-4568-9e29-b07e7a5c6825/%E6%96%87%E7%94%9F%E5%9B%BE.jpg	文生图.jpg	452714
https://images.squarespace-cdn.com/content/v1/68d65117197afe1094ff447c/149140af-c759-4293-8b70-8da42b3b983a/favicon.ico	favicon.ico	5350
https://images.squarespace-cdn.com/content/v1/68d65117197afe1094ff447c/1b7d991c-afe4-4445-a6c1-8ba7f15c933d/01.png	01.png	10488
https://images.squarespace-cdn.com/content/v1/68d65117197afe1094ff447c/21ab6930-7171-4a45-9f6b-5bdbd915565b/%E9%80%8F%E6%98%8E%E5%BA%95LOGO.png	透明底LOGO.png	183801
https://images.squarespace-cdn.com/content/v1/68d65117197afe1094ff447c/239d63cc-ae68-46f3-8d23-624744dbcee7/%E8%B5%84%E4%BA%A7%E7%AE%A1%E7%90%8604.png	资产管理04.png	435132
https://images.squarespace-cdn.com/content/v1/68d65117197afe1094ff447c/2c2b5b7e-b9cf-482a-9d5f-86a9f42c6a65/%E5%9B%BE%E7%94%9F%E5%9B%BE002.jpg	图生图002.jpg	280338
https://images.squarespace-cdn.com/content/v1/68d65117197afe1094ff447c/3b27b0ac-1f88-4b9d-a26d-8ca4b00f3118/%E5%A4%B4%E5%9B%BE004.jpg	头图004.jpg	731469
https://images.squarespace-cdn.com/content/v1/68d65117197afe1094ff447c/3cd8a4b9-63ad-4d66-b3ff-62a3e027ac41/%E5%9B%BE%E7%94%9F002.jpg	图生002.jpg	291519
https://images.squarespace-cdn.com/content/v1/68d65117197afe1094ff447c/527a3b45-7294-4a2e-9684-7f5fddf5d48b/03.png	03.png	9501
https://images.squarespace-cdn.com/content/v1/68d65117197afe1094ff447c/5a240701-1cb2-4e12-88af-aae85ec03224/830000.png	830000.png	6756
https://images.squarespace-cdn.com/content/v1/68d65117197afe1094ff447c/5c2a0f5d-83b2-416a-81b6-b0a117f3597d/02.png	02.png	9292
https://images.squarespace-cdn.com/content/v1/68d65117197afe1094ff447c/5eb72623-2382-4236-9d0b-643967170282/seed%E9%A1%B5%E9%9D%A2002.png	seed页面002.png	220506
https://images.squarespace-cdn.com/content/v1/68d65117197afe1094ff447c/8471e462-2567-463f-8417-c19f47eca66a/%E5%A4%B4%E5%9B%BE02.jpg	头图02.jpg	270387
https://images.squarespace-cdn.com/content/v1/68d65117197afe1094ff447c/8dfdea1b-3b9c-4c80-b6b6-3b67e54ae319/860000.png	860000.png	5700
https://images.squarespace-cdn.com/content/v1/68d65117197afe1094ff447c/91c192f2-7699-4404-b7ae-3f9fddb48b1d/%E7%94%A8%E6%88%B7%E7%94%BB%E5%83%8F02.png	用户画像02.png	955224
https://images.squarespace-cdn.com/content/v1/68d65117197afe1094ff447c/990ed56f-0f04-47cd-99e8-0f54fe6fecac/%E5%BE%AE%E4%BF%A1%E5%9B%BE%E7%89%87_20251224210109_1114_28.jpg	微信图片_20251224210109_1114_28.jpg	144264
https://images.squarespace-cdn.com/content/v1/68d65117197afe1094ff447c/ad6f1936-272c-4cf4-a21d-727a934f73df/%E5%BE%AE%E4%BF%A1%E5%9B%BE%E7%89%87_20251011125046_1154_2.png	微信图片_20251011125046_1154_2.png	54179
https://images.squarespace-cdn.com/content/v1/68d65117197afe1094ff447c/b74f4afc-e4cb-4f8a-a738-cc396f84736e/favicon.ico	favicon_dup.ico	5350
https://images.squarespace-cdn.com/content/v1/68d65117197afe1094ff447c/bef986f4-ba55-468b-811d-4491f11b3b56/3%E5%A4%A7%E6%A0%B8%E5%BF%83.png	3大核心.png	412528
https://images.squarespace-cdn.com/content/v1/68d65117197afe1094ff447c/c8b2879a-9ff4-4fbc-b67e-513180454eb3/%E8%B5%84%E4%BA%A7%E5%A4%8D%E7%94%A8002.jpg	资产复用002.jpg	169120
https://images.squarespace-cdn.com/content/v1/68d65117197afe1094ff447c/d1f809b5-f888-4f8d-ae18-585421941b9b/%E6%95%B0%E5%AD%97%E8%83%8C%E6%99%AF.png	数字背景.png	221851
